{
    "$schema": "https://melvoridle.com/assets/schema/gameData.json",
    "namespace": "expandedAreas",
    "data": {
        "items": [
            {
                "itemType": "Equipment",
                "id": "The_Good_Stuff",
                "name": "The Good Stuff",
                "category": "Combat",
                "type": "Equipment",
                "media": "assets/items/Equipment/The_Good_Stuff.png",
                "ignoreCompletion": false,
                "obtainFromItemLog": false,
                "golbinRaidExclusive": false,
                "sellsFor": 100,
                "customDescription": "+20% Chance to Brew a Mature drink in Cooking. One item is consumed per Brewing action.",
                "tier": "none",
                "validSlots": [
                    "Consumable"
                ],
                "occupiesSlots": [],
                "equipRequirements": [],
                "equipmentStats": [],
                "modifiers": {
                    "perfectCookChance": [
                        {
                            "categoryID": "expandedAreas:Brewing_Barrel",
                            "value": 20
                        }
                    ]
                },
                "consumesOn": [
                    {
                        "type": "CookingAction",
                        "categoryIDs": [
                            "expandedAreas:Brewing_Barrel"
                        ]
                    }
                ]
            },
            {
                "itemType": "Item",
                "id": "Bucket_of_Water",
                "name": "Bucket of Water",
                "category": "Cooking",
                "type": "Ingredient",
                "media": "assets/items/Item/Bucket_of_Water.png",
                "ignoreCompletion": false,
                "obtainFromItemLog": false,
                "golbinRaidExclusive": false,
                "sellsFor": 1,
                "customDescription": "It's a bucket. And it's filled with, like, water, and stuff."
            },
            {
                "itemType": "Item",
                "id": "Ale_Yeast",
                "name": "Ale Yeast",
                "category": "Cooking",
                "type": "Ingredient",
                "media": "assets/items/Item/Ale_Yeast.png",
                "ignoreCompletion": false,
                "obtainFromItemLog": false,
                "golbinRaidExclusive": false,
                "sellsFor": 1,
                "customDescription": "A bag of ale yeast used for brewing ales, malts, and grog."
            },
            {
                "itemType": "Food",
                "id": "Barley_Malt",
                "name": "Barley Malt",
                "category": "Cooking",
                "type": "Ingredient",
                "media": "assets/items/Food/Barley_Malt.png",
                "ignoreCompletion": false,
                "obtainFromItemLog": false,
                "golbinRaidExclusive": false,
                "sellsFor": 4,
                "healsFor": 0.2,
                "customDescription": "An ingredient used in brewing."
            },
            {
                "id": "Holy_Cow_Brew",
                "name": "Holy Cow Brew",
                "category": "Cooking",
                "type": "Potion",
                "media": "assets/items/Potion/Holy_Cow_Brew.png",
                "ignoreCompletion": false,
                "obtainFromItemLog": false,
                "golbinRaidExclusive": false,
                "sellsFor": 250,
                "itemType": "Potion",
                "modifiers": {
                    "foodHealingValue": 10,
                    "prayerPointCost": -25
                },
                "combatEffects": [
                    {
                        "effectID": "melvorD:Slow",
                        "chance": 25,
                        "appliesWhen": "StartOfFight",
                        "initialParams": [
                            {
                                "name": "turns",
                                "value": 2
                            },
                            {
                                "name": "magnitude",
                                "value": 15
                            }
                        ]
                    }
                ],
                "charges": 1,
                "tier": 3,
                "action": "melvorD:Combat",
                "consumesOn": [
                    {
                        "type": "PrayerPointConsumption"
                    },
                    {
                        "type": "FoodEaten"
                    }
                ]
            },
            {
                "id": "Holy_Cow_Brew_m",
                "name": "Holy Cow Brew (Mature)",
                "category": "Cooking",
                "type": "Potion",
                "media": "assets/items/Potion/Holy_Cow_Brew.png",
                "ignoreCompletion": false,
                "obtainFromItemLog": false,
                "golbinRaidExclusive": false,
                "sellsFor": 500,
                "itemType": "Potion",
                "modifiers": {
                    "foodHealingValue": 15,
                    "prayerPointCost": -30
                },
                "combatEffects": [
                    {
                        "effectID": "melvorD:Slow",
                        "chance": 50,
                        "appliesWhen": "StartOfFight",
                        "initialParams": [
                            {
                                "name": "turns",
                                "value": 2
                            },
                            {
                                "name": "magnitude",
                                "value": 15
                            }
                        ]
                    }
                ],
                "charges": 1,
                "tier": 3,
                "action": "melvorD:Combat",
                "consumesOn": [
                    {
                        "type": "PrayerPointConsumption"
                    },
                    {
                        "type": "FoodEaten"
                    }
                ]
            },
            {
                "id": "Apple_Cider",
                "name": "Apple Cider",
                "category": "Cooking",
                "type": "Potion",
                "media": "assets/items/Potion/Apple_Cider.png",
                "ignoreCompletion": false,
                "obtainFromItemLog": false,
                "golbinRaidExclusive": false,
                "sellsFor": 50,
                "itemType": "Potion",
                "modifiers": {
                    "foodHealingValue": 5,
                    "basePrimaryProductQuantity": [
                        {
                            "skillID": "melvorD:Farming",
                            "value": 15
                        }
                    ],
                    "skillXP": [
                        {
                            "skillID": "melvorD:Farming",
                            "value": -5
                        }
                    ]
                },
                "charges": 1,
                "tier": 3,
                "action": "melvorD:Farming",
                "consumesOn": [
                    {
                        "type": "FarmingHarvestAction"
                    },
                    {
                        "type": "FoodEaten"
                    }
                ]
            },
            {
                "id": "Apple_Cider_m",
                "name": "Apple Cider (Mature)",
                "category": "Cooking",
                "type": "Potion",
                "media": "assets/items/Potion/Apple_Cider_m.png",
                "ignoreCompletion": false,
                "obtainFromItemLog": false,
                "golbinRaidExclusive": false,
                "sellsFor": 100,
                "itemType": "Potion",
                "modifiers": {
                    "foodHealingValue": 10,
                    "basePrimaryProductQuantity": [
                        {
                            "skillID": "melvorD:Farming",
                            "value": 25
                        }
                    ],
                    "skillXP": [
                        {
                            "skillID": "melvorD:Farming",
                            "value": -10
                        }
                    ]
                },
                "charges": 1,
                "tier": 3,
                "action": "melvorD:Farming",
                "consumesOn": [
                    {
                        "type": "FarmingHarvestAction"
                    },
                    {
                        "type": "FoodEaten"
                    }
                ]
            }
        ],
        "skillData": [
            {
                "skillID": "melvorD:Cooking",
                "data": {
                    "recipes": [
                        {
                            "id": "Holy_Cow_Brew",
                            "productID": "expandedAreas:Holy_Cow_Brew",
                            "perfectCookID": "expandedAreas:Holy_Cow_Brew_m",
                            "baseExperience": 1200,
                            "level": 59,
                            "baseInterval": 30000,
                            "baseQuantity": 8,
                            "categoryID": "expandedAreas:Fermenting_Tank",
                            "subcategoryID": "expandedAreas:Alcohol",
                            "itemCosts": [
                                {
                                    "id": "expandedAreas:Bucket_of_Water",
                                    "quantity": 1
                                }
                            ],
                            "currencyCosts": []
                        },
                        {
                            "id": "Apple_Cider",
                            "productID": "expandedAreas:Apple_Cider",
                            "perfectCookID": "expandedAreas:Apple_Cider_m",
                            "baseExperience": 450,
                            "level": 14,
                            "baseInterval": 30000,
                            "baseQuantity": 8,
                            "categoryID": "expandedAreas:Fermenting_Tank",
                            "subcategoryID": "expandedAreas:Alcohol",
                            "itemCosts": [
                                {
                                    "id": "expandedAreas:Bucket_of_Water",
                                    "quantity": 1
                                }
                            ],
                            "currencyCosts": []
                        }
                    ]
                }
            }
        ]
    },
    "modifications": {}
}