{
    "$schema": "https://melvoridle.com/assets/schema/gameData.json",
    "namespace": "expandedAreas",
    "data": {
        "items": [
            {
                "itemType": "Item",
                "id": "Kuulbra_Scales",
                "name": "Kuulbra Scales",
                "category": "Scales",
                "type": "Misc",
                "media": "assets/items/Item/Kuulbra_Scales.png",
                "ignoreCompletion": false,
                "obtainFromItemLog": false,
                "golbinRaidExclusive": false,
                "sellsFor": 3
            }
        ],
        "combatPassives": [
            {
                "id": "PhaseHP10",
                "name": "Phase HP 10%",
                "modifiers": {
                    "maxHitpoints": -90
                }
            },
            {
                "id": "MeleeImmunity",
                "name": "Melee Immunity",
                "modifiers": {
                    "meleeImmunity": 1
                },
                "customDescription": "Immune to all Melee Attacks."
            },
            {
                "id": "VenomousHide",
                "name": "Venomous Hide",
                "modifiers": {
                    "effectImmunity": [
                        {
                            "effectGroupID": "melvorD:PoisonDOT",
                            "value": 1
                        },
                        {
                            "effectGroupID": "melvorD:DeadlyPoisonDOT",
                            "value": 1
                        }
                    ]
                },
                "combatEffects": [
                    {
                        "effectID": "melvorD:DeadlyPoison",
                        "chance": 20,
                        "appliesWhen": "HitWithAttack"
                    }
                ]
            },
            {
                "id": "StunImmunity",
                "name": "Stun Immunity",
                "modifiers": {
                    "effectImmunity": [
                        {
                            "effectGroupID": "melvorD:StunLike",
                            "value": 1
                        }
                    ]
                }
            },
            {
                "id": "MagicVulnerability",
                "name": "Magic Vulnerability",
                "modifiers": {
                    "flatResistanceAgainstMagic": [
                        {
                            "damageTypeID": "melvorD:Normal",
                            "value": -15
                        }
                    ]
                }
            },
            {
                "id": "RangedVulnerability",
                "name": "Ranged Vulnerability",
                "modifiers": {
                    "flatResistanceAgainstRanged": [
                        {
                            "damageTypeID": "melvorD:Normal",
                            "value": -15
                        }
                    ]
                }
            }
        ],
        "attacks": [
            {
                "id": "BarbedTailWhip",
                "defaultChance": 40,
                "canNormalAttack": true,
                "damage": [
                    {
                        "damageType": "Custom",
                        "character": "Attacker",
                        "roll": false,
                        "maxRoll": "Fixed",
                        "maxPercent": 130
                    }
                ],
                "prehitEffects": [],
                "onhitEffects": [
                    {
                        "effectID": "melvorD:Stun",
                        "chance": 75,
                        "initialParams": [
                            {
                                "name": "turns",
                                "value": 2
                            }
                        ]
                    }
                ],
                "attackTypes": [
                    "melee"
                ],
                "cantMiss": false,
                "attackCount": 1,
                "attackInterval": 600,
                "lifesteal": 0,
                "name": "Barbed Tail Whip",
                "description": "The enemy's barbed tail whips at you, dealing ${attackDamageMaxValue0} damage (Avoidable). On a hit, Stuns you for 2 of your turns.",
                "descriptionGenerator": "<AttPos> barbed tail whips at <target>, dealing <damage> damage (<Avoidable>). On a hit <hitEffect>.",
                "usesRunesPerProc": false
            },
            {
                "id": "BarbedProjectile",
                "defaultChance": 40,
                "damage": [
                    {
                        "damageType": "Normal",
                        "amplitude": 120
                    }
                ],
                "prehitEffects": [],
                "onhitEffects": [],
                "cantMiss": false,
                "attackCount": 1,
                "attackInterval": 50,
                "lifesteal": 0,
                "name": "Barbed Projectile",
                "description": "Rapidly fires a barbed projectile dealing ${attackDamageMaxValue0}% of the enemy's normal damage (Avoidable).",
                "descriptionGenerator": "Rapidly fires <count> barbed projectile dealing <damage> (<Avoidable>)."
            },
            {
                "id": "ToxicClouds",
                "defaultChance": 30,
                "canNormalAttack": true,
                "damage": [
                    {
                        "damageType": "Custom",
                        "character": "Attacker",
                        "roll": false,
                        "maxRoll": "Fixed",
                        "maxPercent": 20
                    }
                ],
                "prehitEffects": [],
                "onhitEffects": [
                    {
                        "effectID": "melvorD:DeadlyPoison",
                        "chance": 100
                    }
                ],
                "cantMiss": false,
                "attackCount": 4,
                "attackInterval": 50,
                "lifesteal": 0,
                "name": "Toxic Clouds",
                "description": "Noxious gas erupts from around the enemy, dealing ${attackDamageMaxValue0}x${hitCount} damage over ${duration}s. On a hit inflicts Deadly Poison that deals ${onHitEffect0DamageMaxValue0}% of your max hitpoints as damage over ${onHitEffect0duration}s.",
                "descriptionGenerator": "Noxious gas erupts within the <attPos> vicinity, dealing <damage>x<count> damage over <duration>.",
                "usesRunesPerProc": false
            },
            {
                "id": "SummonCobralings",
                "name": "Summon Cobralings",
                "defaultChance": 30,
                "damage": [
                    {
                        "damageType": "Custom",
                        "character": "Attacker",
                        "roll": true,
                        "minRoll": "MinHit",
                        "minPercent": 100,
                        "maxRoll": "MaxHit",
                        "maxPercent": 100
                    },
                    {
                        "damageType": "Custom",
                        "character": "Attacker",
                        "roll": true,
                        "minRoll": "Fixed",
                        "minPercent": 0,
                        "maxRoll": "Fixed",
                        "maxPercent": 15
                    }
                ],
                "prehitEffects": [],
                "onhitEffects": [
                    {
                        "effectID": "melvorD:DeadlyPoison",
                        "chance": 50
                    }
                ],
                "cantMiss": false,
                "attackCount": 6,
                "attackInterval": 50,
                "lifesteal": 0,
                "description": "The enemy makes a normal attack, dealing up to ${attackDamageMaxValue0}% of its normal damage and and summons six cobralings, each dealing between ${attackDamageMinValue1}-${attackDamageMaxValue1}x${hitCount} damage over ${duration}s. On a hit, the cobralings have a 50% chance to inflict Deadly Poison that deals ${onHitEffect0DamageMaxValue0}% of your max hitpoints as damage over ${onHitEffect0duration}s."
            }
        ],
        "monsters": [
            {
                "attackType": "ranged",
                "canSlayer": false,
                "isBoss": true,
                "currencyDrops": [],
                "id": "Kuulbra_Phase_One",
                "levels": {
                    "Attack": 300,
                    "Strength": 300,
                    "Defence": 300,
                    "Hitpoints": 500,
                    "Ranged": 300,
                    "Magic": 300
                },
                "equipmentStats": [
                    {
                        "key": "attackSpeed",
                        "value": 1800
                    },
                    {
                        "key": "magicDefenceBonus",
                        "value": -100
                    },
                    {
                        "key": "rangedAttackBonus",
                        "value": 50
                    },
                    {
                        "key": "rangedStrengthBonus",
                        "value": 20
                    }
                ],
                "lootChance": 0,
                "lootTable": [],
                "name": "Kuulbra (Phase One)",
                "media": "assets/monsters/Kuulbra_Ranged.png",
                "ignoreCompletion": false,
                "passives": [
                    "expandedAreas:PhaseHP10",
                    "expandedAreas:VenomousHide",
                    "expandedAreas:StunImmunity",
                    "expandedAreas:MeleeImmunity",
                    "expandedAreas:MagicVulnerability"
                ],
                "selectedSpell": "melvorD:WindStrike",
                "specialAttacks": [
                    "expandedAreas:ToxicClouds"
                ],
                "overrideSpecialChances": [
                    100
                ],
                "bones": {
                    "itemID": "expandedAreas:Kuulbra_Scales",
                    "quantity": 25
                }
            },
            {
                "attackType": "melee",
                "canSlayer": false,
                "isBoss": true,
                "currencyDrops": [],
                "id": "Kuulbra_Phase_Two",
                "levels": {
                    "Attack": 300,
                    "Strength": 300,
                    "Defence": 300,
                    "Hitpoints": 500,
                    "Ranged": 300,
                    "Magic": 300
                },
                "equipmentStats": [
                    {
                        "key": "attackSpeed",
                        "value": 1800
                    },
                    {
                        "key": "magicDefenceBonus",
                        "value": -100
                    },
                    {
                        "key": "meleeDefenceBonus",
                        "value": 100
                    },
                    {
                        "key": "rangedDefenceBonus",
                        "value": 100
                    },
                    {
                        "key": "damageReduction",
                        "value": 10
                    },
                    {
                        "key": "meleeStrengthBonus",
                        "value": 20
                    }
                ],
                "lootChance": 0,
                "lootTable": [],
                "name": "Kuulbra (Phase Two)",
                "media": "assets/monsters/Kuulbra_Melee.png",
                "ignoreCompletion": false,
                "passives": [
                    "expandedAreas:PhaseHP10",
                    "expandedAreas:VenomousHide",
                    "expandedAreas:StunImmunity"
                ],
                "combatEffects": [
                    {
                        "appliesWhen": "HitWithAttack",
                        "chance": 80,
                        "condition": {
                            "character": "Enemy",
                            "targetAttackType": "melee",
                            "thisAttackType": "melee",
                            "type": "CombatType"
                        },
                        "effectID": "melvorD:Stun",
                        "initialParams": [
                            {
                                "name": "turns",
                                "value": 2
                            }
                        ],
                        "customDescription": "80% Chance to Stun for 2 turns on Hit if target is using Melee."
                    }
                ],
                "selectedSpell": "melvorD:WindStrike",
                "specialAttacks": [
                    "expandedAreas:BarbedTailWhip"
                ],
                "bones": {
                    "itemID": "expandedAreas:Kuulbra_Scales",
                    "quantity": 25
                }
            },
            {
                "attackType": "magic",
                "canSlayer": false,
                "isBoss": true,
                "currencyDrops": [],
                "id": "Kuulbra_Phase_Three",
                "levels": {
                    "Attack": 300,
                    "Strength": 300,
                    "Defence": 300,
                    "Hitpoints": 500,
                    "Ranged": 300,
                    "Magic": 300
                },
                "equipmentStats": [
                    {
                        "key": "attackSpeed",
                        "value": 1800
                    },
                    {
                        "key": "rangedDefenceBonus",
                        "value": -100
                    },
                    {
                        "key": "magicAttackBonus",
                        "value": 50
                    },
                    {
                        "key": "magicDamageBonus",
                        "value": 20
                    }
                ],
                "lootChance": 0,
                "lootTable": [],
                "name": "Kuulbra (Phase Three)",
                "media": "assets/monsters/Kuulbra_Magic.png",
                "ignoreCompletion": false,
                "passives": [
                    "expandedAreas:PhaseHP10",
                    "expandedAreas:VenomousHide",
                    "expandedAreas:StunImmunity",
                    "expandedAreas:MeleeImmunity",
                    "expandedAreas:RangedVulnerability"
                ],
                "selectedSpell": "expandedAreas:Fire_Storm",
                "specialAttacks": [
                    "expandedAreas:BarbedProjectile"
                ],
                "overrideSpecialChances": [
                    50
                ],
                "bones": {
                    "itemID": "expandedAreas:Kuulbra_Scales",
                    "quantity": 25
                }
            },
            {
                "attackType": "ranged",
                "canSlayer": false,
                "isBoss": true,
                "currencyDrops": [],
                "id": "Kuulbra_Phase_Four",
                "levels": {
                    "Attack": 300,
                    "Strength": 300,
                    "Defence": 300,
                    "Hitpoints": 500,
                    "Ranged": 300,
                    "Magic": 300
                },
                "equipmentStats": [
                    {
                        "key": "attackSpeed",
                        "value": 1800
                    },
                    {
                        "key": "magicDefenceBonus",
                        "value": -100
                    },
                    {
                        "key": "rangedAttackBonus",
                        "value": 50
                    },
                    {
                        "key": "rangedStrengthBonus",
                        "value": 20
                    }
                ],
                "lootChance": 0,
                "lootTable": [],
                "name": "Kuulbra (Phase Four)",
                "media": "assets/monsters/Kuulbra_Ranged.png",
                "ignoreCompletion": false,
                "passives": [
                    "expandedAreas:PhaseHP10",
                    "expandedAreas:VenomousHide",
                    "expandedAreas:StunImmunity",
                    "expandedAreas:MeleeImmunity",
                    "expandedAreas:MagicVulnerability"
                ],
                "selectedSpell": "melvorD:WindStrike",
                "specialAttacks": [
                    "expandedAreas:ToxicClouds",
                    "expandedAreas:SummonCobralings",
                    "expandedAreas:BarbedProjectile"
                ],
                "overrideSpecialChances": [
                    20,
                    35,
                    25
                ],
                "bones": {
                    "itemID": "expandedAreas:Kuulbra_Scales",
                    "quantity": 25
                }
            },
            {
                "attackType": "melee",
                "canSlayer": false,
                "isBoss": true,
                "currencyDrops": [],
                "id": "Kuulbra_Phase_Five",
                "levels": {
                    "Attack": 300,
                    "Strength": 300,
                    "Defence": 300,
                    "Hitpoints": 500,
                    "Ranged": 300,
                    "Magic": 300
                },
                "equipmentStats": [
                    {
                        "key": "attackSpeed",
                        "value": 1800
                    },
                    {
                        "key": "magicDefenceBonus",
                        "value": -100
                    },
                    {
                        "key": "meleeDefenceBonus",
                        "value": 100
                    },
                    {
                        "key": "rangedDefenceBonus",
                        "value": 100
                    },
                    {
                        "key": "damageReduction",
                        "value": 10
                    },
                    {
                        "key": "meleeStrengthBonus",
                        "value": 20
                    }
                ],
                "lootChance": 0,
                "lootTable": [],
                "name": "Kuulbra (Phase Five)",
                "media": "assets/monsters/Kuulbra_Melee.png",
                "ignoreCompletion": false,
                "passives": [
                    "expandedAreas:PhaseHP10",
                    "expandedAreas:VenomousHide",
                    "expandedAreas:StunImmunity"
                ],
                "combatEffects": [
                    {
                        "appliesWhen": "HitWithAttack",
                        "chance": 80,
                        "condition": {
                            "character": "Enemy",
                            "targetAttackType": "melee",
                            "thisAttackType": "melee",
                            "type": "CombatType"
                        },
                        "effectID": "melvorD:Stun",
                        "initialParams": [
                            {
                                "name": "turns",
                                "value": 2
                            }
                        ],
                        "customDescription": "80% Chance to Stun for 2 turns on Hit if target is using Melee."
                    }
                ],
                "selectedSpell": "melvorD:WindStrike",
                "specialAttacks": [
                    "expandedAreas:BarbedTailWhip"
                ],
                "bones": {
                    "itemID": "expandedAreas:Kuulbra_Scales",
                    "quantity": 25
                }
            },
            {
                "attackType": "magic",
                "canSlayer": false,
                "isBoss": true,
                "currencyDrops": [],
                "id": "Kuulbra_Phase_Six",
                "levels": {
                    "Attack": 300,
                    "Strength": 300,
                    "Defence": 300,
                    "Hitpoints": 500,
                    "Ranged": 300,
                    "Magic": 300
                },
                "equipmentStats": [
                    {
                        "key": "attackSpeed",
                        "value": 1800
                    },
                    {
                        "key": "rangedDefenceBonus",
                        "value": -100
                    },
                    {
                        "key": "magicAttackBonus",
                        "value": 50
                    },
                    {
                        "key": "magicDamageBonus",
                        "value": 20
                    }
                ],
                "lootChance": 0,
                "lootTable": [],
                "name": "Kuulbra (Phase Six)",
                "media": "assets/monsters/Kuulbra_Magic.png",
                "ignoreCompletion": false,
                "passives": [
                    "expandedAreas:PhaseHP10",
                    "expandedAreas:VenomousHide",
                    "expandedAreas:StunImmunity",
                    "expandedAreas:MeleeImmunity",
                    "expandedAreas:RangedVulnerability"
                ],
                "selectedSpell": "expandedAreas:Fire_Storm",
                "specialAttacks": [
                    "expandedAreas:BarbedProjectile"
                ],
                "overrideSpecialChances": [
                    50
                ],
                "bones": {
                    "itemID": "expandedAreas:Kuulbra_Scales",
                    "quantity": 25
                }
            },
            {
                "attackType": "ranged",
                "canSlayer": false,
                "isBoss": true,
                "currencyDrops": [],
                "id": "Kuulbra_Phase_Seven",
                "levels": {
                    "Attack": 300,
                    "Strength": 300,
                    "Defence": 300,
                    "Hitpoints": 500,
                    "Ranged": 300,
                    "Magic": 300
                },
                "equipmentStats": [
                    {
                        "key": "attackSpeed",
                        "value": 1800
                    },
                    {
                        "key": "magicDefenceBonus",
                        "value": -100
                    },
                    {
                        "key": "rangedAttackBonus",
                        "value": 50
                    },
                    {
                        "key": "rangedStrengthBonus",
                        "value": 20
                    }
                ],
                "lootChance": 0,
                "lootTable": [],
                "name": "Kuulbra (Phase Seven)",
                "media": "assets/monsters/Kuulbra_Ranged.png",
                "ignoreCompletion": false,
                "passives": [
                    "expandedAreas:PhaseHP10",
                    "expandedAreas:VenomousHide",
                    "expandedAreas:StunImmunity",
                    "expandedAreas:MeleeImmunity",
                    "expandedAreas:MagicVulnerability"
                ],
                "selectedSpell": "melvorD:WindStrike",
                "specialAttacks": [
                    "expandedAreas:ToxicClouds",
                    "expandedAreas:SummonCobralings"
                ],
                "overrideSpecialChances": [
                    43,
                    57
                ],
                "bones": {
                    "itemID": "expandedAreas:Kuulbra_Scales",
                    "quantity": 25
                }
            },
            {
                "attackType": "magic",
                "canSlayer": false,
                "isBoss": true,
                "currencyDrops": [],
                "id": "Kuulbra_Phase_Eight",
                "levels": {
                    "Attack": 300,
                    "Strength": 300,
                    "Defence": 300,
                    "Hitpoints": 500,
                    "Ranged": 300,
                    "Magic": 300
                },
                "equipmentStats": [
                    {
                        "key": "attackSpeed",
                        "value": 1800
                    },
                    {
                        "key": "rangedDefenceBonus",
                        "value": -100
                    },
                    {
                        "key": "magicAttackBonus",
                        "value": 50
                    },
                    {
                        "key": "magicDamageBonus",
                        "value": 20
                    }
                ],
                "lootChance": 0,
                "lootTable": [],
                "name": "Kuulbra (Phase Eight)",
                "media": "assets/monsters/Kuulbra_Magic.png",
                "ignoreCompletion": false,
                "passives": [
                    "expandedAreas:PhaseHP10",
                    "expandedAreas:VenomousHide",
                    "expandedAreas:StunImmunity",
                    "expandedAreas:MeleeImmunity",
                    "expandedAreas:RangedVulnerability"
                ],
                "selectedSpell": "expandedAreas:Fire_Storm",
                "specialAttacks": [
                    "expandedAreas:BarbedProjectile",
                    "expandedAreas:ToxicClouds",
                    "expandedAreas:SummonCobralings"
                ],
                "overrideSpecialChances": [
                    25,
                    25,
                    25
                ],
                "bones": {
                    "itemID": "expandedAreas:Kuulbra_Scales",
                    "quantity": 25
                }
            },
            {
                "attackType": "random",
                "canSlayer": false,
                "isBoss": true,
                "currencyDrops": [],
                "id": "Kuulbra_Phase_Nine",
                "levels": {
                    "Attack": 300,
                    "Strength": 300,
                    "Defence": 300,
                    "Hitpoints": 500,
                    "Ranged": 300,
                    "Magic": 300
                },
                "equipmentStats": [
                    {
                        "key": "attackSpeed",
                        "value": 1800
                    },
                    {
                        "key": "magicDefenceBonus",
                        "value": -100
                    },
                    {
                        "key": "rangedAttackBonus",
                        "value": 50
                    },
                    {
                        "key": "rangedStrengthBonus",
                        "value": 20
                    }
                ],
                "lootChance": 0,
                "lootTable": [],
                "name": "Kuulbra (Phase Nine)",
                "media": "assets/monsters/Kuulbra_Ranged.png",
                "ignoreCompletion": false,
                "passives": [
                    "expandedAreas:PhaseHP10",
                    "expandedAreas:VenomousHide",
                    "expandedAreas:StunImmunity",
                    "expandedAreas:MeleeImmunity",
                    "expandedAreas:MagicVulnerability"
                ],
                "selectedSpell": "melvorD:WindStrike",
                "specialAttacks": [
                    "expandedAreas:ToxicClouds"
                ],
                "overrideSpecialChances": [
                    30
                ],
                "bones": {
                    "itemID": "expandedAreas:Kuulbra_Scales",
                    "quantity": 25
                }
            },
            {
                "attackType": "melee",
                "canSlayer": false,
                "isBoss": true,
                "currencyDrops": [],
                "id": "Kuulbra_Phase_Ten",
                "levels": {
                    "Attack": 300,
                    "Strength": 300,
                    "Defence": 300,
                    "Hitpoints": 500,
                    "Ranged": 300,
                    "Magic": 300
                },
                "equipmentStats": [
                    {
                        "key": "attackSpeed",
                        "value": 1800
                    },
                    {
                        "key": "magicDefenceBonus",
                        "value": -100
                    },
                    {
                        "key": "meleeDefenceBonus",
                        "value": 100
                    },
                    {
                        "key": "rangedDefenceBonus",
                        "value": 100
                    },
                    {
                        "key": "damageReduction",
                        "value": 10
                    },
                    {
                        "key": "meleeStrengthBonus",
                        "value": 20
                    }
                ],
                "lootChance": 0,
                "lootTable": [],
                "name": "Kuulbra (Phase Ten)",
                "media": "assets/monsters/Kuulbra_Melee.png",
                "ignoreCompletion": false,
                "passives": [
                    "expandedAreas:PhaseHP10",
                    "expandedAreas:VenomousHide",
                    "expandedAreas:StunImmunity"
                ],
                "combatEffects": [
                    {
                        "appliesWhen": "HitWithAttack",
                        "chance": 80,
                        "condition": {
                            "character": "Enemy",
                            "targetAttackType": "melee",
                            "thisAttackType": "melee",
                            "type": "CombatType"
                        },
                        "effectID": "melvorD:Stun",
                        "initialParams": [
                            {
                                "name": "turns",
                                "value": 2
                            }
                        ],
                        "customDescription": "80% Chance to Stun for 2 turns on Hit if target is using Melee."
                    }
                ],
                "selectedSpell": "melvorD:WindStrike",
                "specialAttacks": [
                    "expandedAreas:BarbedTailWhip"
                ],
                "bones": {
                    "itemID": "expandedAreas:Kuulbra_Scales",
                    "quantity": 25
                }
            },
            {
                "attackType": "ranged",
                "canSlayer": false,
                "isBoss": true,
                "currencyDrops": [],
                "id": "Kuulbra_Phase_Eleven",
                "levels": {
                    "Attack": 300,
                    "Strength": 300,
                    "Defence": 300,
                    "Hitpoints": 500,
                    "Ranged": 300,
                    "Magic": 300
                },
                "equipmentStats": [
                    {
                        "key": "attackSpeed",
                        "value": 1800
                    },
                    {
                        "key": "magicDefenceBonus",
                        "value": -100
                    },
                    {
                        "key": "rangedAttackBonus",
                        "value": 50
                    },
                    {
                        "key": "rangedStrengthBonus",
                        "value": 20
                    }
                ],
                "lootChance": 0,
                "lootTable": [],
                "name": "Kuulbra (Phase Eleven)",
                "media": "assets/monsters/Kuulbra_Ranged.png",
                "ignoreCompletion": false,
                "passives": [
                    "expandedAreas:PhaseHP10",
                    "expandedAreas:VenomousHide",
                    "expandedAreas:StunImmunity",
                    "expandedAreas:MeleeImmunity",
                    "expandedAreas:MagicVulnerability"
                ],
                "selectedSpell": "melvorD:WindStrike",
                "specialAttacks": [
                    "expandedAreas:ToxicClouds",
                    "expandedAreas:BarbedProjectile"
                ],
                "overrideSpecialChances": [
                    45,
                    15
                ],
                "bones": {
                    "itemID": "expandedAreas:Kuulbra_Scales",
                    "quantity": 25
                }
            }
        ]
    },
    "modifications": {}
}