{
    "$schema": "https://melvoridle.com/assets/schema/gameData.json",
    "namespace": "expandedAreas",
    "data": {
        "monsters": [
            {
                "id": "Monk_of_the_Wind",
                "name": "Monk of the Wind",
                "media": "assets/monsters/Monk_of_the_Wind.png",
                "description": "“Long may the Winds carry gentle Aeris’ name.”",
                "levels": {
                    "Attack": 1,
                    "Defence": 90,
                    "Hitpoints": 110,
                    "Magic": 130,
                    "Ranged": 1,
                    "Strength": 1
                },
                "equipmentStats": [
                    {
                        "key": "attackSpeed",
                        "value": 3000
                    },
                    {
                        "key": "damageReduction",
                        "value": 5
                    },
                    {
                        "key": "magicAttackBonus",
                        "value": 15
                    },
                    {
                        "key": "meleeDefenceBonus",
                        "value": 10
                    },
                    {
                        "key": "rangedDefenceBonus",
                        "value": 5
                    },
                    {
                        "key": "magicDefenceBonus",
                        "value": 15
                    },
                    {
                        "key": "magicDamageBonus",
                        "value": 5
                    }
                ],
                "ignoreCompletion": false,
                "attackType": "magic",
                "specialAttacks": [
                    "melvorF:ElementalImpactFrostburn"
                ],
                "overrideSpecialChances": [
                    20
                ],
                "passives": [],
                "lootChance": 100,
                "lootTable": [
                    {
                        "itemID": "melvorD:Air_Rune",
                        "weight": 2048,
                        "maxQuantity": 50,
                        "minQuantity": 10
                    },
                    {
                        "itemID": "melvorD:Ancient_Rune",
                        "weight": 1024,
                        "maxQuantity": 5,
                        "minQuantity": 1
                    },
                    {
                        "itemID": "melvorD:Mystic_Air_Staff",
                        "weight": 1024,
                        "maxQuantity": 1,
                        "minQuantity": 1
                    },
                    {
                        "itemID": "expandedAreas:Eye_of_Air",
                        "weight": 512,
                        "maxQuantity": 3,
                        "minQuantity": 3
                    },
                    {
                        "itemID": "expandedAreas:Wispy_Page",
                        "weight": 512,
                        "maxQuantity": 16,
                        "minQuantity": 4
                    },
                    {
                        "itemID": "melvorF:Air_Expert_Wizard_Boots",
                        "weight": 256,
                        "maxQuantity": 1,
                        "minQuantity": 1
                    },
                    {
                        "itemID": "melvorF:Air_Expert_Wizard_Hat",
                        "weight": 128,
                        "maxQuantity": 1,
                        "minQuantity": 1
                    },
                    {
                        "itemID": "melvorF:Air_Expert_Wizard_Bottoms",
                        "weight": 64,
                        "maxQuantity": 1,
                        "minQuantity": 1
                    },
                    {
                        "itemID": "melvorF:Air_Expert_Wizard_Robes",
                        "weight": 32,
                        "maxQuantity": 1,
                        "minQuantity": 1
                    }
                ],
                "canSlayer": true,
                "isBoss": false,
                "selectedSpell": "expandedAreas:Wind_Storm",
                "currencyDrops": [],
                "bones": {
                    "itemID": "melvorD:Magic_Bones",
                    "quantity": 1
                }
            },
            {
                "id": "Monk_of_the_River",
                "name": "Monk of the River",
                "media": "assets/monsters/Monk_of_the_River.png",
                "description": "“The Tide ebbs and flows; Glacia’s power grows.”",
                "levels": {
                    "Attack": 1,
                    "Defence": 50,
                    "Hitpoints": 150,
                    "Magic": 160,
                    "Ranged": 1,
                    "Strength": 1
                },
                "equipmentStats": [
                    {
                        "key": "attackSpeed",
                        "value": 3000
                    },
                    {
                        "key": "damageReduction",
                        "value": 5
                    },
                    {
                        "key": "magicAttackBonus",
                        "value": 15
                    },
                    {
                        "key": "meleeDefenceBonus",
                        "value": 10
                    },
                    {
                        "key": "rangedDefenceBonus",
                        "value": 5
                    },
                    {
                        "key": "magicDefenceBonus",
                        "value": 15
                    },
                    {
                        "key": "magicDamageBonus",
                        "value": 5
                    }
                ],
                "ignoreCompletion": false,
                "attackType": "magic",
                "specialAttacks": [
                    "melvorF:ElementalImpactFreeze"
                ],
                "overrideSpecialChances": [
                    20
                ],
                "passives": [],
                "lootChance": 100,
                "lootTable": [
                    {
                        "itemID": "melvorD:Water_Rune",
                        "weight": 2048,
                        "maxQuantity": 50,
                        "minQuantity": 10
                    },
                    {
                        "itemID": "melvorD:Ancient_Rune",
                        "weight": 1024,
                        "maxQuantity": 5,
                        "minQuantity": 1
                    },
                    {
                        "itemID": "melvorF:Mystic_Water_Staff",
                        "weight": 1024,
                        "maxQuantity": 1,
                        "minQuantity": 1
                    },
                    {
                        "itemID": "expandedAreas:Eye_of_Water",
                        "weight": 512,
                        "maxQuantity": 3,
                        "minQuantity": 3
                    },
                    {
                        "itemID": "expandedAreas:Waterlogged_Page",
                        "weight": 512,
                        "maxQuantity": 16,
                        "minQuantity": 4
                    },
                    {
                        "itemID": "melvorF:Water_Expert_Wizard_Boots",
                        "weight": 256,
                        "maxQuantity": 1,
                        "minQuantity": 1
                    },
                    {
                        "itemID": "melvorF:Water_Expert_Wizard_Hat",
                        "weight": 128,
                        "maxQuantity": 1,
                        "minQuantity": 1
                    },
                    {
                        "itemID": "melvorF:Water_Expert_Wizard_Bottoms",
                        "weight": 64,
                        "maxQuantity": 1,
                        "minQuantity": 1
                    },
                    {
                        "itemID": "melvorF:Water_Expert_Wizard_Robes",
                        "weight": 32,
                        "maxQuantity": 1,
                        "minQuantity": 1
                    }
                ],
                "canSlayer": true,
                "isBoss": false,
                "selectedSpell": "melvorD:WaterSurge",
                "currencyDrops": [],
                "bones": {
                    "itemID": "melvorD:Magic_Bones",
                    "quantity": 1
                }
            },
            {
                "id": "Monk_of_the_Moss",
                "name": "Monk of the Moss",
                "media": "assets/monsters/Monk_of_the_Moss.png",
                "description": "“Can’t you feel the embrace of Terran as you walk?”",
                "levels": {
                    "Attack": 1,
                    "Defence": 200,
                    "Hitpoints": 180,
                    "Magic": 175,
                    "Ranged": 1,
                    "Strength": 1
                },
                "equipmentStats": [
                    {
                        "key": "attackSpeed",
                        "value": 3000
                    },
                    {
                        "key": "damageReduction",
                        "value": 10
                    },
                    {
                        "key": "magicAttackBonus",
                        "value": 15
                    },
                    {
                        "key": "meleeDefenceBonus",
                        "value": 100
                    },
                    {
                        "key": "rangedDefenceBonus",
                        "value": 25
                    },
                    {
                        "key": "magicDefenceBonus",
                        "value": 75
                    },
                    {
                        "key": "magicDamageBonus",
                        "value": 5
                    }
                ],
                "ignoreCompletion": false,
                "attackType": "magic",
                "specialAttacks": [
                    "melvorF:ElementalImpactStun"
                ],
                "overrideSpecialChances": [
                    20
                ],
                "passives": [],
                "lootChance": 100,
                "lootTable": [
                    {
                        "itemID": "melvorD:Earth_Rune",
                        "weight": 2048,
                        "maxQuantity": 50,
                        "minQuantity": 10
                    },
                    {
                        "itemID": "melvorD:Ancient_Rune",
                        "weight": 1024,
                        "maxQuantity": 5,
                        "minQuantity": 1
                    },
                    {
                        "itemID": "melvorF:Mystic_Earth_Staff",
                        "weight": 1024,
                        "maxQuantity": 1,
                        "minQuantity": 1
                    },
                    {
                        "itemID": "expandedAreas:Muddy_Page",
                        "weight": 512,
                        "maxQuantity": 16,
                        "minQuantity": 4
                    },
                    {
                        "itemID": "expandedAreas:Eye_of_Earth",
                        "weight": 512,
                        "maxQuantity": 3,
                        "minQuantity": 3
                    },
                    {
                        "itemID": "melvorF:Earth_Expert_Wizard_Boots",
                        "weight": 256,
                        "maxQuantity": 1,
                        "minQuantity": 1
                    },
                    {
                        "itemID": "melvorF:Earth_Expert_Wizard_Hat",
                        "weight": 128,
                        "maxQuantity": 1,
                        "minQuantity": 1
                    },
                    {
                        "itemID": "melvorF:Earth_Expert_Wizard_Bottoms",
                        "weight": 64,
                        "maxQuantity": 1,
                        "minQuantity": 1
                    },
                    {
                        "itemID": "melvorF:Earth_Expert_Wizard_Robes",
                        "weight": 32,
                        "maxQuantity": 1,
                        "minQuantity": 1
                    }
                ],
                "canSlayer": true,
                "isBoss": false,
                "selectedSpell": "melvorD:EarthSurge",
                "currencyDrops": [],
                "bones": {
                    "itemID": "melvorD:Magic_Bones",
                    "quantity": 1
                }
            },
            {
                "id": "Monk_of_the_Flame",
                "name": "Monk of the Flame",
                "media": "assets/monsters/Monk_of_the_Flame.png",
                "description": "“The rage inside you belongs to Ragnar.”",
                "levels": {
                    "Attack": 1,
                    "Defence": 100,
                    "Hitpoints": 200,
                    "Magic": 250,
                    "Ranged": 1,
                    "Strength": 1
                },
                "equipmentStats": [
                    {
                        "key": "attackSpeed",
                        "value": 3000
                    },
                    {
                        "key": "damageReduction",
                        "value": 5
                    },
                    {
                        "key": "magicAttackBonus",
                        "value": 20
                    },
                    {
                        "key": "meleeDefenceBonus",
                        "value": 15
                    },
                    {
                        "key": "rangedDefenceBonus",
                        "value": 10
                    },
                    {
                        "key": "magicDefenceBonus",
                        "value": 20
                    },
                    {
                        "key": "magicDamageBonus",
                        "value": 10
                    }
                ],
                "ignoreCompletion": false,
                "attackType": "magic",
                "specialAttacks": [
                    "melvorF:ElementalImpactBurn"
                ],
                "overrideSpecialChances": [
                    20
                ],
                "passives": [],
                "lootChance": 100,
                "lootTable": [
                    {
                        "itemID": "melvorD:Fire_Rune",
                        "weight": 2048,
                        "maxQuantity": 50,
                        "minQuantity": 10
                    },
                    {
                        "itemID": "melvorD:Ancient_Rune",
                        "weight": 1024,
                        "maxQuantity": 5,
                        "minQuantity": 1
                    },
                    {
                        "itemID": "melvorF:Mystic_Fire_Staff",
                        "weight": 1024,
                        "maxQuantity": 1,
                        "minQuantity": 1
                    },
                    {
                        "itemID": "expandedAreas:Burnt_Page",
                        "weight": 512,
                        "maxQuantity": 16,
                        "minQuantity": 4
                    },
                    {
                        "itemID": "expandedAreas:Eye_of_Fire",
                        "weight": 512,
                        "maxQuantity": 3,
                        "minQuantity": 3
                    },
                    {
                        "itemID": "melvorF:Fire_Expert_Wizard_Boots",
                        "weight": 256,
                        "maxQuantity": 1,
                        "minQuantity": 1
                    },
                    {
                        "itemID": "melvorF:Fire_Expert_Wizard_Hat",
                        "weight": 128,
                        "maxQuantity": 1,
                        "minQuantity": 1
                    },
                    {
                        "itemID": "melvorF:Fire_Expert_Wizard_Bottoms",
                        "weight": 64,
                        "maxQuantity": 1,
                        "minQuantity": 1
                    },
                    {
                        "itemID": "melvorF:Fire_Expert_Wizard_Robes",
                        "weight": 32,
                        "maxQuantity": 1,
                        "minQuantity": 1
                    }
                ],
                "canSlayer": true,
                "isBoss": false,
                "selectedSpell": "melvorD:FireSurge",
                "currencyDrops": [],
                "bones": {
                    "itemID": "melvorD:Magic_Bones",
                    "quantity": 1
                }
            },
            {
                "id": "Guardian_of_the_Elements",
                "name": "Guardian of the Elements",
                "media": "assets/monsters/Guardian_of_the_Elements.png",
                "description": "“I CONTAIN THAT WHICH BINDS MELVOR.”",
                "pet": {
                    "id": "expandedAreas:Swirli",
                    "quantity": 200
                },
                "levels": {
                    "Attack": 1,
                    "Defence": 300,
                    "Hitpoints": 300,
                    "Magic": 300,
                    "Ranged": 1,
                    "Strength": 1
                },
                "equipmentStats": [
                    {
                        "key": "attackSpeed",
                        "value": 3000
                    },
                    {
                        "key": "damageReduction",
                        "value": 10
                    },
                    {
                        "key": "magicAttackBonus",
                        "value": 40
                    },
                    {
                        "key": "meleeDefenceBonus",
                        "value": 40
                    },
                    {
                        "key": "rangedDefenceBonus",
                        "value": 30
                    },
                    {
                        "key": "magicDefenceBonus",
                        "value": 200
                    },
                    {
                        "key": "magicDamageBonus",
                        "value": 15
                    }
                ],
                "ignoreCompletion": false,
                "attackType": "magic",
                "specialAttacks": [
                    "expandedAreas:Avalanche",
                    "expandedAreas:Cold_Snap",
                    "expandedAreas:Fierce_Flames",
                    "expandedAreas:Zephyr_Strike"
                ],
                "overrideSpecialChances": [
                    10,
                    10,
                    10,
                    10
                ],
                "passives": [
                    "melvorF:ElementalistII"
                ],
                "lootChance": 100,
                "lootTable": [
                    {
                        "itemID": "melvorD:Air_Rune",
                        "weight": 2048,
                        "minQuantity": 100,
                        "maxQuantity": 500
                    },
                    {
                        "itemID": "melvorD:Water_Rune",
                        "weight": 2048,
                        "minQuantity": 100,
                        "maxQuantity": 500
                    },
                    {
                        "itemID": "melvorD:Earth_Rune",
                        "weight": 1024,
                        "minQuantity": 100,
                        "maxQuantity": 500
                    },
                    {
                        "itemID": "melvorD:Fire_Rune",
                        "weight": 512,
                        "minQuantity": 100,
                        "maxQuantity": 500
                    },
                    {
                        "itemID": "melvorD:Ancient_Rune",
                        "weight": 512,
                        "maxQuantity": 20,
                        "minQuantity": 5
                    },
                    {
                        "itemID": "melvorD:Light_Rune",
                        "weight": 512,
                        "maxQuantity": 20,
                        "minQuantity": 5
                    },
                    {
                        "itemID": "expandedAreas:Air_Rune_Shard",
                        "weight": 256,
                        "maxQuantity": 100,
                        "minQuantity": 10
                    },
                    {
                        "itemID": "expandedAreas:Water_Rune_Shard",
                        "weight": 256,
                        "maxQuantity": 100,
                        "minQuantity": 10
                    },
                    {
                        "itemID": "expandedAreas:Earth_Rune_Shard",
                        "weight": 256,
                        "maxQuantity": 100,
                        "minQuantity": 10
                    },
                    {
                        "itemID": "expandedAreas:Fire_Rune_Shard",
                        "weight": 256,
                        "maxQuantity": 100,
                        "minQuantity": 10
                    },
                    {
                        "itemID": "melvorF:Elemental_Potion_III",
                        "weight": 128,
                        "minQuantity": 1,
                        "maxQuantity": 4
                    },
                    {
                        "itemID": "melvorD:Magic_Wand_Basic",
                        "weight": 128,
                        "minQuantity": 1,
                        "maxQuantity": 1
                    },
                    {
                        "itemID": "melvorD:Magic_Wand_Elite",
                        "weight": 64,
                        "minQuantity": 1,
                        "maxQuantity": 1
                    },
                    {
                        "itemID": "melvorD:Magic_Wand_Powerful",
                        "weight": 32,
                        "minQuantity": 1,
                        "maxQuantity": 1
                    },
                    {
                        "itemID": "melvorF:Air_Imbued_Wand",
                        "weight": 16,
                        "maxQuantity": 1,
                        "minQuantity": 1
                    },
                    {
                        "itemID": "melvorF:Water_Imbued_Wand",
                        "weight": 16,
                        "maxQuantity": 1,
                        "minQuantity": 1
                    },
                    {
                        "itemID": "melvorF:Earth_Imbued_Wand",
                        "weight": 16,
                        "maxQuantity": 1,
                        "minQuantity": 1
                    },
                    {
                        "itemID": "melvorF:Fire_Imbued_Wand",
                        "weight": 16,
                        "maxQuantity": 1,
                        "minQuantity": 1
                    }
                ],
                "canSlayer": true,
                "isBoss": false,
                "selectedSpell": "expandedAreas:Fire_Storm",
                "currencyDrops": [],
                "bones": {
                    "itemID": "melvorD:Rune_Essence",
                    "quantity": 100
                }
            }
        ]
    },
    "modifications": {}
}