{
    "$schema": "https://melvoridle.com/assets/schema/gameData.json",
    "namespace": "expandedAreas",
    "data": {
        "combatPassives": [
            {
                "id": "PhaseHPFlatNeg450",
                "name": "Phase HP -450",
                "customDescription": "Each phase of this boss has -450 of its total maximum hitpoints.",
                "modifiers": {
                    "flatMaxHitpoints": -45
                }
            }
        ]
    },
    "modifications": {}
}